Issues,Keywords
GST,GST
GST,gstfornewindia
GST,tax
GST,gst4newindia
GST,one nation one tax one market
GST,lower tax bracket
Demonetisation,Demonetisation
Demonetisation,Demonetization
Demonetisation,Black money
Demonetisation,fake currency
Demonetisation,demonetised
Ram Mandir,ayodhya
Ram Mandir,ram mandir
Ram Mandir,WeNeedRamMandir
Ram Mandir,babri masjid
Ram Mandir,ram janmabhoomi
Ram Mandir,RamMandir
reservation,SC/ST
reservation,OBC
reservation,backward class
Cauvery SC Verdict,Cauvery
Cauvery SC Verdict,CauveryWaterManagement
Cauvery SC Verdict,Cauvery Management Board
Cauvery SC Verdict,CauveryIssue
Cauvery SC Verdict,Kaveri dispute
Cauvery SC Verdict,Kaveri water
Cauvery SC Verdict,CauveryVerdict
Cauvery SC Verdict,CauveryPushkaram
Cauvery SC Verdict,CauveryManagementBoard
Aadhar linking,aadhar
Aadhar linking,AadharCard
Aadhar linking,Aadhar Bill
Aadhar linking,UIDAI
Aadhar linking,Aadhar Data
Aadhar linking,AadharPay
Aadhar linking,AadharMythBuster
FDIPolicy,FDIPolicy
FDIPolicy,fdi
FDIPolicy,FDI inflows
TripleTalaqBill,TripleTalaqBill
TripleTalaqBill,muslim women
Triple Talaq SC verdict,TripleTalaqVerdict
Triple Talaq SC verdict,TripleTalaq
RightToPrivacy SC Verdict,RightToPrivacy
Rohingyas,Rohingyas
Beef Ban,Beefban
Beef Ban,beef
Beef Ban,slaughter
Fodder scam,FodderScam
Fodder scam,fodder scam
GDP growth,gdp
Inflation control,inflation
Inflation control,price rise
PNB Scam,PNBScam
PNB Scam,pnb fraud
PNB Scam,PNBFraud
PNB Scam,NiravModi
PNB Scam,Nirav Modi
PNB Scam,bank frauds
PNB Scam,pnb scam
EVM tampering,evm
acchedin,acchedin
acchedin,acche din
nsc and ppf rate cuts,interest rate
nsc and ppf rate cuts,ppf
nsc and ppf rate cuts,nsc
Andhra Special Status,Apspecialstatus
Jallikattu ban,jallikattu
Jallikattu ban,justiceforjallikattu
Jallikattu ban,tamilians
Padmavati film screening,Padmavati
Padmavati film screening,padmavat
Padmavati film screening,padmavat
lgp price hike,lpg
lgp price hike,lpg price
Swacch Bharat,clean india
Swacch Bharat,swachhatahiseva
Swacch Bharat,swaachbharat
Swacch Bharat,swacch
Swacch Bharat,swacchbharat
Swacch Bharat,swacch bharat
Swacch Bharat,swacch bharat abhiyan
Swacch Bharat,swacchbharatabhiyan
hike in oil prices,petrol prices
hike in oil prices,diesel prices
hike in oil prices,oil prices
hike in oil prices,petrol
hike in oil prices,diesel